Ticks,Time,Ops,Acumulado
100,0.043304,6927.76,2033
1000,0.280036,10712.90,25131
5000,1.256422,11938.67,123831
10000,1.973306,15202.92,245818
